seconds,data
0.0,0.3057499999999999
0.044,0.3247500000000001
0.077,0.32525
0.121,0.31375
0.151,0.3062499999999999
0.203,0.3229999999999999
0.231,0.3037499999999999
0.275,0.3165
0.321,0.3319999999999999
0.351,0.3115
0.405,0.3412499999999999
0.438,0.322
0.483,0.3327500000000001
0.531,0.3629999999999999
0.56,0.3554999999999999
0.597,0.3749999999999999
0.66,0.3745
0.677,0.443
0.728,0.4142499999999999
0.755,0.4549999999999999
0.814,0.4610000000000001
0.834,0.4575000000000001
0.876,0.445
0.921,0.3967499999999999
0.954,0.4567499999999999
1.004,0.4337499999999999
1.034,0.5080000000000001
1.077,0.4877499999999999
1.121,0.5502499999999999
1.161,0.7364999999999999
1.196,0.4399999999999999
1.26,0.0379999999999999
1.276,0.26225
1.325,0.608
1.375,0.8615
1.393,0.6150000000000001
1.441,0.4277499999999999
1.48,0.5082500000000001
1.523,0.707
1.569,0.8367499999999999
1.595,0.073
1.639,0.02075
1.676,0.412
1.717,1.0005000000000002
1.76,0.7680000000000001
1.794,0.2557499999999999
1.836,0.2684999999999999
1.882,0.5115000000000001
1.933,0.5542499999999999
1.968,0.5340000000000001
1.999,0.4789999999999998
2.035,0.388
2.094,0.3604999999999999
2.114,0.3717499999999999
2.16,0.3825
2.198,0.3277499999999999
2.247,0.42525
2.277,0.3814999999999999
2.318,0.37175
2.368,0.4107499999999998
2.395,0.4559999999999999
2.438,0.5467499999999998
2.483,0.4642499999999999
2.518,0.48625
2.565,0.4857500000000001
2.597,0.5015
2.64,0.4945
2.697,0.5099999999999999
2.715,0.5497500000000001
2.758,0.57025
2.794,0.5835000000000001
2.847,0.5669999999999998
2.886,0.5504999999999999
2.917,0.57775
2.961,0.639
3.0,0.4479999999999999
3.038,0.5557500000000001
3.088,0.6817500000000001
3.116,0.6385000000000002
3.159,0.5747500000000001
3.201,0.6635000000000002
3.242,0.6027499999999999
3.292,0.69825
3.316,0.5927500000000001
3.366,0.1945000000000001
3.418,0.7204999999999999
3.434,0.88975
3.49,0.481
3.518,0.5162499999999999
3.557,0.66425
3.611,0.94575
3.637,0.8165
3.676,0.884
3.718,0.85325
3.765,0.8490000000000001
3.795,1.0285
3.84,0.4024999999999999
3.888,0.266
3.918,0.51625
3.957,1.1077500000000002
4.02,0.79325
4.047,0.023
4.077,0.20025
4.14,0.5447500000000001
4.155,0.5942500000000001
4.208,0.5117499999999999
4.236,0.3852500000000001
4.286,0.3145
4.317,0.391
4.37,0.3515
4.4,0.40225
4.436,0.4155
4.487,0.30725
4.518,0.383
4.562,0.4494999999999999
4.607,0.4109999999999999
4.642,0.47425
4.676,0.5297499999999999
4.739,0.46775
4.76,0.4962500000000001
4.776,0.5060000000000001
4.794,0.55275
4.834,0.55025
4.886,0.5935000000000001
4.925,0.5825
4.958,0.56625
5.004,0.5952500000000001
5.046,0.54175
5.075,0.4584999999999999
5.119,0.67825
5.155,0.58425
5.199,0.5784999999999999
5.239,0.5814999999999999
5.273,0.6387500000000002
5.326,0.66275
5.356,0.635
5.396,0.6500000000000001
5.448,0.7075
5.481,0.64425
5.527,0.6895
5.555,0.7385
5.606,0.83475
5.641,0.21975
5.673,0.5917499999999999
5.716,0.8862500000000001
5.756,0.5787500000000001
5.807,0.63425
5.835,0.8055000000000001
5.887,0.7500000000000002
5.923,0.8512500000000001
5.96,0.846
6.002,1.0315
6.048,1.0815
6.075,0.6715
6.121,0.80175
6.183,0.8315
6.2,0.7615000000000001
6.233,0.571
6.273,0.5522499999999999
6.328,0.6525
6.355,0.62375
6.394,0.321
6.439,0.25825
6.478,0.3444999999999999
6.525,0.812
6.556,1.078
6.608,0.45925
6.645,0.4285
6.678,0.78225
6.716,0.9975
6.778,0.8755000000000002
6.798,0.6139999999999999
6.837,0.4305
6.881,0.4519999999999999
6.921,0.4974999999999999
6.967,0.4104999999999998
7.0,0.3027499999999999
7.034,0.2754999999999999
7.075,0.3265
7.12,0.242
7.165,0.31675
7.194,0.3904999999999999
7.238,0.347
7.284,0.34425
7.317,0.3915000000000002
7.379,0.4235
7.393,0.4239999999999999
7.446,0.4257499999999999
7.497,0.4652499999999999
7.514,0.4374999999999999
7.561,0.43725
7.594,0.4582500000000001
7.645,0.4724999999999999
7.679,0.4440000000000002
7.728,0.4524999999999999
7.757,0.4725
7.793,0.4662499999999999
7.839,0.4942499999999998
7.874,0.4932500000000001
7.929,0.49975
7.964,0.5387500000000001
7.995,0.5632500000000001
8.035,0.4679999999999999
8.096,0.4924999999999999
8.114,0.5845
8.16,0.5155
8.22,0.6097499999999999
8.235,0.5367500000000001
8.289,0.5934999999999999
8.315,0.66025
8.367,0.6299999999999999
8.394,0.659
8.446,0.6492499999999999
8.488,0.6245
8.515,0.6479999999999999
8.557,0.6952499999999999
8.604,0.6632500000000001
8.634,0.6924999999999999
8.686,0.6695
8.717,0.6637500000000001
8.765,0.64625
8.809,0.654
8.834,0.6957499999999999
8.889,0.74925
8.917,0.86775
8.959,0.3275
9.009,0.596
9.051,0.948
9.073,0.5632499999999999
9.115,0.6239999999999999
9.16,0.7080000000000001
9.202,0.6940000000000001
9.234,0.7955000000000001
9.286,1.0005
9.316,0.891
9.356,0.706
9.415,0.59375
9.453,0.7005
9.472,0.72175
9.536,0.5987500000000001
9.556,0.5587500000000001
9.61,0.573
9.638,0.5165000000000001
9.675,0.58125
9.72,0.6465000000000001
9.753,0.5725
9.804,0.7134999999999999
9.836,0.5530000000000002
9.888,0.5797499999999999
9.917,0.6255000000000002
9.959,0.5497500000000002
10.005,0.52275
10.048,0.541
10.076,0.4582499999999999
10.134,0.4727499999999999
10.155,0.511
10.21,0.5102500000000001
10.244,0.4482499999999999
10.279,0.4597500000000001
10.32,0.5042499999999999
10.358,0.4757500000000001
10.405,0.39325
10.437,0.3607499999999998
10.45,0.3537499999999999
10.475,0.3890000000000001
10.519,0.4602499999999999
10.554,0.48675
10.614,0.95
10.642,0.56125
10.677,0.141
10.725,0.2972499999999999
10.758,0.6040000000000001
10.802,0.5945
10.856,0.5939999999999999
10.875,0.3365
10.926,0.46525
10.956,0.8420000000000001
11.0,0.31525
11.037,0.268
11.08,0.7175
11.122,0.7262499999999998
11.156,0.8269999999999998
11.196,0.4074999999999998
11.253,0.4180000000000001
11.288,0.6957499999999999
11.324,0.2595
11.355,0.3814999999999999
11.397,0.702
11.459,0.8082499999999999
11.478,0.76225
11.521,0.5425
11.581,0.3655
11.617,0.31825
11.633,0.4242499999999999
11.676,0.4225
11.726,0.4245
11.762,0.4077499999999999
11.798,0.3462499999999999
11.847,0.3395
11.877,0.3522499999999999
11.917,0.3894999999999999
11.96,0.42475
12.0,0.43425
12.037,0.3962500000000001
12.078,0.4170000000000001
12.116,0.419
12.181,0.3747499999999999
12.196,0.39275
12.237,0.38725
12.288,0.39475
12.314,0.40025
12.363,0.413
12.4,0.399
12.444,0.44775
12.479,0.427
12.521,0.4357499999999999
12.567,0.4335
12.594,0.4685
12.638,0.4725
12.681,0.4297500000000001
12.715,0.41025
12.763,0.5134999999999998
12.799,0.5550000000000002
12.837,0.55925
12.897,0.4800000000000001
12.915,0.4607500000000001
12.957,0.4797499999999999
12.996,0.5269999999999999
13.037,0.4875
13.079,0.63625
13.117,0.69025
13.157,0.44075
13.196,0.4964999999999999
13.25,0.61025
13.276,0.5002500000000001
13.315,0.4787500000000001
13.356,0.45675
13.399,0.46375
13.438,0.438
13.5,0.4127499999999999
13.517,0.4577500000000001
13.559,0.4385000000000001
13.611,0.4245000000000001
13.645,0.3877499999999999
13.689,0.3702499999999999
13.719,0.5564999999999999
13.757,0.82325
13.808,0.54825
13.834,0.2692499999999999
13.89,0.5740000000000001
13.918,0.5035
13.957,0.6225000000000002
14.003,0.45975
14.037,0.2744999999999998
14.084,0.63425
14.118,0.6224999999999999
14.163,0.3490000000000001
14.211,0.46575
14.233,0.6079999999999999
14.278,0.5455
14.34,1.01625
14.357,0.73025
14.404,0.3272500000000001
14.434,0.6085
14.487,0.907
14.513,0.523
14.567,0.5347500000000001
14.603,0.5162499999999999
14.634,0.6047499999999999
14.686,0.6427499999999999
14.714,0.5355
14.765,0.3075
14.8,0.2982499999999999
14.84,0.36175
14.879,0.3435
14.94,0.32075
14.955,0.374
15.008,0.42225
15.052,0.4192499999999999
15.076,0.44725
15.126,0.48525
15.153,0.4095
15.198,0.41025
15.24,0.4179999999999999
15.285,0.37075
15.328,0.3662499999999999
15.356,0.4012499999999999
15.398,0.391
15.44,0.3682500000000001
15.472,0.3947499999999999
15.534,0.45025
15.556,0.41625
15.605,0.4277499999999999
15.654,0.4654999999999999
15.676,0.4570000000000001
15.714,0.4334999999999999
15.756,0.4317499999999999
15.804,0.4439999999999999
15.837,0.4697500000000001
15.876,0.47225
15.927,0.47475
15.957,0.5055000000000001
15.999,0.8505
16.043,0.417
16.087,0.421
16.125,0.4915
16.137,0.4804999999999999
16.169,0.5045000000000001
16.195,0.5099999999999999
16.259,0.582
16.276,0.509
16.325,0.57225
16.369,0.6440000000000001
16.393,0.4999999999999999
16.453,0.449
16.482,0.93575
16.514,0.6355
16.553,0.2837499999999999
16.6,0.5389999999999999
16.645,0.56175
16.693,0.581
16.718,0.6445000000000001
16.756,0.3957499999999999
16.8,0.619
16.844,0.70275
16.875,0.5545
16.915,0.5109999999999999
16.986,0.4787500000000001
17.0,0.6542499999999999
17.033,0.75025
17.079,0.4577499999999999
17.122,0.5055000000000002
17.163,0.4660000000000001
17.196,0.5089999999999999
17.238,0.5165
17.279,0.4917499999999999
17.325,0.56475
17.36,0.5334999999999999
17.398,0.5195000000000001
17.443,0.49475
17.486,0.4579999999999999
17.518,0.4749999999999998
17.577,0.43875
17.596,0.3212499999999999
17.638,0.314
17.697,0.3419999999999998
17.716,0.3455
17.765,0.2207499999999999
17.796,0.2299999999999999
17.834,0.3125000000000001
17.882,0.3389999999999999
17.916,0.39775
17.957,0.4122499999999999
17.995,0.4352499999999999
18.032,0.4419999999999999
18.08,0.4142500000000001
18.114,0.374
18.158,0.3632499999999999
18.198,0.3722500000000001
18.233,0.3720000000000001
18.289,0.4202499999999999
18.313,0.4065000000000001
18.362,0.4115
18.415,0.4399999999999999
18.432,0.45275
18.483,0.45425
18.513,0.4322500000000001
18.565,0.48875
18.598,0.46425
18.645,0.4692500000000001
18.692,0.5307500000000002
18.724,0.6452500000000002
18.758,0.7657499999999999
18.802,0.544
18.835,0.274
18.878,0.395
18.924,0.5789999999999998
18.963,0.5885
19.017,0.519
19.047,0.539
19.076,0.6085
19.115,0.56575
19.169,0.56575
19.197,0.62475
19.233,0.6135000000000002
19.28,0.4534999999999999
19.316,0.4755
19.362,0.4900000000000001
19.403,0.41025
19.455,0.4049999999999999
19.473,0.5589999999999999
19.519,0.6205
19.556,0.6367500000000001
19.617,0.5757499999999999
19.638,0.4625
19.677,0.43725
19.735,0.4639999999999998
19.754,0.4509999999999999
19.798,0.4425
19.836,0.4499999999999999
19.876,0.41375
19.928,0.4032499999999999
19.962,0.45575
19.996,0.446
20.041,0.4309999999999999
20.08,0.407
20.117,0.3814999999999999
20.159,0.40425
20.206,0.4099999999999999
20.237,0.362
20.28,0.382
20.341,0.391
20.358,0.3802500000000002
20.408,0.3682499999999999
20.449,0.3942499999999999
20.475,0.4082499999999999
20.525,0.3767499999999999
20.555,0.372
20.608,0.3917499999999999
20.634,0.3837499999999999
20.68,0.36975
20.726,0.3930000000000001
20.755,0.45
20.807,0.4424999999999999
20.836,0.4317499999999999
20.879,0.4507500000000001
20.92,0.45575
20.955,0.4182500000000001
21.002,0.44975
21.047,0.4507500000000001
21.078,0.4285000000000001
21.125,0.43425
21.158,0.44125
21.196,0.4590000000000001
21.239,0.438
21.278,0.4615
21.324,0.5139999999999999
21.353,0.478
21.409,0.5172499999999999
21.436,0.5882499999999999
21.478,0.72025
21.525,0.77875
21.557,0.4735000000000001
21.603,0.3372499999999999
21.653,0.4024999999999999
21.674,0.47875
21.717,0.5324999999999999
21.779,0.3554999999999999
21.795,0.3512499999999999
21.808,0.8427500000000001
21.838,1.02875
21.874,0.60225
21.916,0.56375
21.96,0.658
21.993,0.5712499999999999
22.04,0.576
22.088,0.4089999999999999
22.12,0.27925
22.157,0.3507499999999999
22.199,0.641
22.247,0.8007500000000001
22.274,0.7402500000000001
22.319,0.52725
22.379,0.6120000000000001
22.395,0.738
22.444,0.6605
22.495,0.61175
22.517,0.51525
22.573,0.42625
22.601,0.3687499999999999
22.65,0.44425
22.678,0.51375
22.717,0.52275
22.771,0.5140000000000001
22.797,0.5205000000000001
22.836,0.54
22.883,0.5457500000000001
22.92,0.4882500000000001
22.963,0.4587500000000001
22.996,0.4417500000000001
23.037,0.4495
23.091,0.4024999999999999
23.116,0.4332499999999999
23.158,0.43825
23.194,0.4127499999999999
23.236,0.4139999999999999
23.285,0.4269999999999999
23.317,0.4157499999999999
23.366,0.41025
23.396,0.40325
23.437,0.40525
23.483,0.39225
23.516,0.4102499999999999
23.565,0.3835
23.596,0.3960000000000001
23.644,0.4075
23.699,0.4397500000000001
23.713,0.4189999999999999
23.765,0.4215000000000001
23.807,0.4044999999999999
23.836,0.48625
23.886,0.45625
23.918,0.5030000000000001
23.957,0.4472500000000001
24.007,0.3785
24.049,0.4242500000000001
24.077,0.4610000000000001
24.116,0.4784999999999999
24.169,0.486
24.2,0.46125
24.236,0.5369999999999999
24.277,0.4577499999999999
24.325,0.37575
24.355,0.59475
24.418,0.7040000000000001
24.439,0.6000000000000001
24.479,0.5099999999999999
24.536,0.52475
24.554,0.5525
24.596,0.6464999999999999
24.637,0.649
24.685,0.6335
24.717,0.677
24.765,0.59175
24.802,0.5142500000000001
24.839,0.51525
24.884,0.5047499999999998
24.918,0.5215
24.954,0.44925
24.998,0.3974999999999999
25.051,0.5512500000000001
25.076,0.8022500000000001
25.131,0.6024999999999999
25.158,0.4817499999999999
25.206,0.53975
25.238,0.492
25.276,0.5752499999999999
25.322,0.4407499999999998
25.355,0.4157499999999999
25.394,0.55325
25.434,0.2064999999999999
25.482,0.2017499999999999
25.528,0.6034999999999999
25.559,0.54775
25.596,0.8180000000000001
25.642,0.3814999999999999
25.676,0.1495
25.738,0.3365
25.757,0.50325
25.804,0.60525
25.86,0.48375
25.878,0.4817499999999999
25.917,0.3507500000000001
25.955,0.4922499999999999
26.001,0.1775
26.051,0.5015
26.08,0.55125
26.116,0.4894999999999999
26.154,0.5645
26.204,0.2405
26.235,0.29675
26.277,0.4890000000000001
26.329,0.3474999999999999
26.355,0.3575000000000001
26.399,0.5402499999999999
26.458,0.5255000000000001
26.476,0.72275
26.532,0.46225
26.565,0.3594999999999999
26.602,0.2350000000000001
26.645,0.45025
26.674,0.6445000000000001
26.729,0.55025
26.757,0.4512499999999999
26.798,0.2892499999999999
26.85,0.2790000000000001
26.876,0.2935
26.916,0.26
26.97,0.2614999999999999
26.995,0.30825
27.045,0.2587499999999999
27.079,0.3197500000000001
27.117,0.3369999999999999
27.18,0.2687499999999999
27.197,0.25
27.235,0.2490000000000001
27.275,0.27825
27.327,0.312
27.362,0.32625
27.396,0.3672499999999999
27.435,0.36975
27.477,0.31275
27.492,0.3007499999999999
27.514,0.3375
27.567,0.367
27.595,0.4079999999999999
27.648,0.44725
27.676,0.6945
27.718,0.7244999999999999
27.78,0.241
27.794,0.5545
27.838,0.4869999999999999
27.905,0.5559999999999999
27.92,0.5947500000000001
27.956,0.3682499999999999
27.998,0.2724999999999999
28.041,0.4817500000000001
28.084,0.4795
28.116,0.3675
28.157,0.3825
28.195,0.3307500000000001
28.241,0.36025
28.273,0.37075
28.318,0.37775
28.368,0.3205
28.4,0.2774999999999999
28.435,0.2917499999999999
28.495,0.3635
28.515,0.30025
28.562,0.20575
28.622,0.8802499999999999
28.638,0.86025
28.682,0.8440000000000001
28.713,0.6515
28.761,0.64675
28.794,0.5834999999999999
28.838,0.6219999999999999
28.882,0.59
28.915,0.536
28.952,0.6017500000000001
29.0,0.5882499999999999
29.042,0.5497500000000001
29.082,0.45675
29.113,0.4159999999999999
29.156,0.4445
29.206,0.4404999999999999
29.234,0.35975
29.282,0.32175
29.316,0.3610000000000001
29.358,0.346
29.399,0.35025
29.448,0.32775
29.474,0.3254999999999999
29.515,0.31475
29.559,0.3255
29.608,0.3714999999999998
29.637,0.4312499999999999
29.677,0.4084999999999998
29.724,0.3894999999999999
29.764,0.536
29.812,0.9665
29.837,0.2929999999999999
29.887,0.1755
29.929,0.47375
29.959,0.6072500000000001
30.001,0.6305
30.045,0.4700000000000001
30.078,0.3674999999999999
30.133,0.48275
30.162,0.6062500000000001
30.201,0.4844999999999999
30.234,0.357
30.28,0.4454999999999999
30.318,0.4645000000000001
30.359,0.4599999999999999
30.397,0.3865
30.439,0.3412499999999999
30.475,0.36675
30.529,0.4509999999999999
30.558,0.37475
30.604,0.3465
30.655,0.36275
30.676,0.3572499999999998
30.712,0.3135
30.761,0.3194999999999999
30.803,0.2907499999999999
30.832,0.4095
30.882,0.4527500000000001
30.924,0.55625
30.958,0.5692499999999998
31.002,0.3694999999999999
31.05,0.6442500000000001
31.074,0.5172500000000001
31.128,0.48025
31.154,0.5942500000000001
31.195,0.5217499999999998
31.259,0.4
31.274,0.432
31.327,0.5042500000000001
31.356,0.482
31.399,0.479
31.442,0.50375
31.472,0.4887499999999998
31.518,0.4609999999999999
31.557,0.3854999999999999
31.605,0.3932500000000001
31.645,0.4314999999999999
31.694,0.37475
31.714,0.3217500000000001
31.755,0.4679999999999999
31.798,0.5032500000000001
31.858,0.47275
31.875,0.4155
31.919,0.4079999999999999
31.973,0.4177499999999999
31.998,0.3825000000000002
32.061,0.4454999999999999
32.086,0.4255
32.114,0.3319999999999999
32.166,0.66425
32.196,0.70625
32.239,0.4910000000000001
32.277,0.4757499999999999
32.317,0.535
32.361,0.4845
32.4,0.44375
32.452,0.44425
32.481,0.3885
32.516,0.5152499999999999
32.578,0.51225
32.597,0.46725
32.647,0.4665
32.698,0.3505
32.716,0.3500000000000001
32.758,0.516
32.796,0.5469999999999999
32.85,0.06425
32.88,0.22175
32.917,0.3982499999999999
32.962,0.454
32.992,0.44025
33.049,0.4639999999999999
33.078,0.48725
33.117,0.5557499999999999
33.167,0.5524999999999999
33.182,0.6214999999999999
33.212,0.5025
33.236,0.4512499999999999
33.287,0.7285000000000001
33.316,0.82175
33.366,0.3327500000000001
33.396,0.1947499999999999
33.439,0.3214999999999999
33.484,0.4249999999999999
33.516,0.5894999999999999
33.57,0.47775
33.597,0.33725
33.634,0.3167500000000001
33.682,0.4315000000000001
33.714,0.5637499999999999
33.759,0.5205000000000001
33.8,0.4075
33.85,0.32075
33.892,0.40225
33.913,0.4904999999999999
33.961,0.4387500000000001
34.025,0.4
34.05,0.43925
34.085,0.4464999999999999
34.117,0.7730000000000001
34.16,1.038
34.202,1.0105
34.232,1.0475
34.284,0.60975
34.314,0.5802499999999999
34.359,0.4797499999999999
34.404,0.327
34.439,0.4299999999999999
34.489,0.44975
34.518,0.5487500000000001
34.555,0.51575
34.618,0.6074999999999999
34.635,0.6632500000000001
34.687,0.6307499999999999
34.732,0.4897499999999999
34.754,0.5299999999999999
34.801,0.6325
34.833,0.5157499999999999
34.874,0.424
34.915,0.447
34.954,0.63225
35.001,0.5472499999999999
35.033,0.4392499999999999
35.074,0.3347499999999999
35.12,0.3604999999999999
35.162,0.3849999999999999
35.212,0.3632499999999999
35.24,0.3234999999999999
35.275,0.3902500000000001
35.339,0.38825
35.354,0.28575
35.398,0.39625
35.438,0.5775
35.486,0.645
35.529,0.5727499999999999
35.558,0.489
35.594,0.5039999999999999
35.636,0.63775
35.688,0.706
35.723,0.7262500000000001
35.756,0.8412500000000002
35.796,1.111
35.844,1.17875
35.88,0.3992499999999999
35.939,0.18725
35.956,0.0222500000000001
36.0,0.4562499999999999
36.057,0.85225
36.087,0.696
36.116,0.3139999999999999
36.153,0.2450000000000001
36.204,0.4922500000000001
36.244,0.6345
36.276,0.5185000000000002
36.319,0.3215000000000001
36.354,0.2875
36.397,0.4245
36.442,0.5255
36.477,0.4542500000000001
36.514,0.39025
36.574,0.3667499999999999
36.593,0.40225
36.651,0.4017499999999999
36.679,0.4534999999999999
36.716,0.4982500000000001
36.777,0.6112499999999998
36.794,0.5842499999999998
36.839,0.55825
36.883,0.5647500000000001
36.921,0.5795
36.955,0.6137499999999999
36.999,0.628
37.047,0.5877499999999999
37.091,0.595
37.118,0.6859999999999999
37.16,0.6645
37.206,0.7174999999999998
37.246,0.704
37.278,0.71
37.319,0.083
37.381,0.0112499999999999
37.396,0.2032499999999999
37.446,0.35725
37.474,0.5442500000000002
37.519,0.24075
37.567,0.0667499999999999
37.596,0.2812500000000001
37.64,0.4140000000000001
37.676,0.4537499999999999
37.718,0.40725
37.765,0.324
37.794,0.3095
37.838,0.33
37.882,0.3597500000000001
37.916,0.31325
37.972,0.2907499999999999
37.993,0.28025
38.039,0.34325
38.087,0.3689999999999999
38.117,0.361
38.159,0.37675
38.194,0.415
38.247,0.4122500000000001
38.283,0.409
38.316,0.47375
38.367,0.4780000000000001
38.393,0.52725
38.437,0.6107500000000001
38.487,0.58575
38.517,0.6067499999999999
38.569,0.5900000000000001
38.597,0.5299999999999999
38.637,0.5619999999999999
38.699,0.6592500000000001
38.713,0.724
38.766,0.8445
38.819,1.0822500000000002
38.833,1.24275
38.85,0.3955000000000001
38.875,0.05775
38.913,0.1264999999999999
38.964,0.2937499999999999
38.993,0.5985000000000001
39.049,0.68625
39.087,0.2744999999999999
39.114,0.25425
39.154,0.47775
39.2,0.6789999999999999
39.238,0.621
39.288,0.4932499999999999
39.316,0.41525
39.357,0.4714999999999999
39.42,0.5247499999999999
39.451,0.3997499999999998
39.475,0.2632500000000001
39.513,0.3057500000000001
39.563,0.391
39.602,0.4825
39.635,0.54325
39.674,0.5202499999999999
39.714,0.3905
39.76,0.35325
39.803,0.5035
39.833,0.7549999999999999
39.877,0.7970000000000002
39.921,0.66075
39.956,0.5460000000000002
40.022,0.5077500000000001
40.037,0.4794999999999999
40.074,0.6342499999999999
40.13,0.8282499999999999
40.153,0.4277499999999999
40.203,0.5905
40.235,0.1909999999999999
40.278,0.33925
40.329,0.8272499999999999
40.355,0.95925
40.396,0.5535
40.436,0.1137499999999999
40.488,0.21925
40.516,0.2485
40.561,0.8555
40.608,0.7799999999999998
40.638,0.4347500000000001
40.676,0.2249999999999999
40.734,0.185
40.77,0.5255
40.794,0.62425
40.846,0.48575
40.872,0.3275000000000001
40.918,0.259
40.954,0.26425
40.997,0.407
41.035,0.4034999999999999
41.075,0.36975
41.117,0.31775
41.155,0.347
41.202,0.3474999999999999
41.234,0.3924999999999999
41.284,0.37575
41.327,0.37825
41.359,0.53875
41.401,0.7805000000000002
41.456,0.7407499999999999
41.475,0.7389999999999999
41.516,0.76075
41.553,0.6814999999999999
41.606,0.6835
41.637,0.7897500000000002
41.679,0.73575
41.722,0.4082499999999999
41.755,0.1362499999999999
41.813,0.19725
41.834,0.4302500000000001
41.879,0.58975
41.925,0.695
41.96,0.6467499999999999
41.997,0.31425
42.058,0.0707499999999999
42.089,0.3320000000000001
42.117,0.526
42.182,0.5589999999999999
42.2,0.37725
42.239,0.239
42.286,0.245
42.315,0.40825
42.366,0.4794999999999999
42.395,0.41775
42.432,0.3779999999999999
42.475,0.2827499999999999
42.521,0.30025
42.553,0.31725
42.599,0.4085000000000001
42.646,0.4042500000000001
42.676,0.37525
42.719,0.33475
42.776,0.32725
42.797,0.3510000000000001
42.836,0.4155
42.888,0.4662499999999998
42.917,0.424
42.965,0.3285
42.997,0.3880000000000001
43.048,0.62575
43.091,0.7730000000000001
43.113,0.6852499999999999
43.163,0.5877499999999999
43.196,0.6855
43.251,0.7044999999999999
43.281,0.7342500000000001
43.314,0.739
43.362,0.86625
43.398,1.264
43.438,1.06525
43.5,0.355
43.515,0.0034999999999999
43.556,0.2332499999999999
43.596,0.6467499999999999
43.644,0.7269999999999999
43.692,0.3405000000000001
43.72,0.1312499999999999
43.754,0.1925
43.796,0.57725
43.844,0.62125
43.878,0.448
43.916,0.359
43.97,0.3309999999999999
44.001,0.3692500000000002
44.038,0.3604999999999999
44.085,0.3975000000000001
44.118,0.3219999999999999
44.16,0.3339999999999999
44.209,0.3095
44.236,0.3215000000000001
44.279,0.3302499999999999
44.318,0.3744999999999999
44.37,0.33925
44.405,0.3759999999999999
44.434,0.392
44.485,0.3640000000000001
44.515,0.3159999999999999
44.559,0.3192499999999999
44.574,0.5765
44.607,0.8340000000000001
44.635,0.8707499999999999
44.682,0.7197499999999999
44.714,0.6427499999999999
44.755,0.96775
44.82,1.383
44.834,0.9085
44.892,0.2415
44.924,0.3450000000000001
44.955,0.3982500000000001
45.003,0.95675
45.034,1.033
45.075,0.42225
45.113,0.372
45.164,0.42325
45.197,0.4252500000000001
45.238,0.63075
45.286,0.6659999999999999
45.317,0.3867499999999999
45.361,0.2965
45.401,0.4004999999999999
45.441,0.4822499999999998
45.477,0.5377499999999998
45.536,0.4997499999999999
45.553,0.4115000000000001
45.6,0.3912500000000001
45.634,0.402
45.679,0.3895
45.725,0.40275
45.754,0.3989999999999999
45.807,0.352
45.838,0.3704999999999999
45.876,0.39825
45.922,0.4314999999999999
45.956,0.4355000000000001
45.997,0.453
46.041,0.4902499999999999
46.076,0.445
46.138,0.4245000000000001
46.156,0.5667500000000001
46.199,0.7007500000000001
46.258,0.76975
46.278,0.67525
46.325,0.6722499999999999
46.356,0.7354999999999999
46.398,0.6992499999999999
46.443,0.8632500000000001
46.478,0.85
46.518,0.2975
46.552,0.1809999999999999
46.6,0.0004999999999999
46.637,0.3485000000000001
46.68,0.4535
46.726,0.28975
46.758,0.11375
46.798,0.25525
46.857,0.4449999999999999
46.877,0.52375
46.926,0.53925
46.971,0.4642499999999999
46.999,0.3965000000000001
47.043,0.3369999999999999
47.086,0.3742499999999999
47.121,0.3885
47.152,0.36375
47.196,0.3525
47.237,0.3480000000000002
47.276,0.33475
47.317,0.3575
47.359,0.3624999999999999
47.404,0.40275
47.449,0.3622499999999999
47.48,0.3237500000000001
47.517,0.2825
47.566,0.2742499999999999
47.595,0.3885
47.65,0.5562499999999999
47.681,0.7889999999999999
47.719,0.8434999999999999
47.764,0.6154999999999999
47.797,0.5902499999999999
47.841,0.685
47.874,0.7652500000000001
47.932,1.03625
47.954,0.90725
47.996,0.44625
48.042,0.3894999999999999
48.083,0.35925
48.128,0.4605000000000001
48.172,0.421
48.196,0.3979999999999999
48.232,0.45575
48.296,0.34225
48.316,0.4075
48.355,0.48775
48.398,0.4765
48.445,0.4184999999999998
48.482,0.4322500000000001
48.516,0.44
48.556,0.4262499999999999
48.609,0.4335
48.641,0.4364999999999999
48.676,0.4357500000000001
48.724,0.44275
48.768,0.4597499999999999
48.796,0.44975
48.837,0.4352500000000001
48.895,0.4465
48.913,0.3677499999999999
48.96,0.3939999999999999
49.016,0.3840000000000001
49.035,0.35275
49.077,0.386
49.117,0.3815
49.165,0.4037500000000001
49.194,0.4610000000000001
49.24,0.64925
49.282,0.8062499999999999
49.316,0.76325
49.357,0.6239999999999999
49.407,0.65825
49.438,0.98925
49.485,1.23975
49.518,0.7204999999999999
49.558,0.0417499999999999
49.613,0.03525
49.636,0.3117499999999999
49.678,1.1144999999999998
49.716,0.92225
49.764,0.6725000000000001
49.808,0.56375
49.84,0.4215
49.877,0.5470000000000002
49.913,0.6669999999999999
49.973,0.6217499999999999
49.993,0.5110000000000001
50.036,0.45925
50.076,0.42
50.122,0.5272499999999999
50.162,0.6892500000000001
50.206,0.6475
50.236,0.519
50.248,0.4105000000000001
50.276,0.37075
50.34,0.3894999999999998
50.355,0.38775
50.404,0.4067499999999999
50.434,0.3894999999999999
50.485,0.3980000000000001
50.52,0.36275
50.553,0.4805
50.598,0.52675
50.639,0.58825
50.684,0.6087499999999999
50.715,0.5112500000000001
50.764,0.51575
50.804,0.5594999999999999
50.837,0.64325
50.88,0.662
50.934,0.7154999999999999
50.952,0.8252499999999998
50.996,0.9795
51.054,1.0155
51.084,0.7324999999999999
51.115,0.1927499999999999
51.154,0.0719999999999999
51.203,0.2512500000000001
51.234,0.371
51.287,0.5465
51.326,0.3699999999999999
51.361,0.1885000000000001
51.397,0.2547499999999999
51.44,0.4399999999999999
51.473,0.5502500000000001
51.517,0.5885000000000001
51.56,0.5155
51.598,0.4395000000000001
51.649,0.45175
51.686,0.4335
51.713,0.41225
51.764,0.4202499999999999
51.797,0.412
51.847,0.4167499999999999
51.877,0.4165
51.916,0.34225
51.954,0.3282500000000001
52.013,0.4109999999999999
52.037,0.4824999999999999
52.084,0.455
52.117,0.5145
52.162,0.5315000000000001
52.199,0.5522500000000001
52.254,0.4955
52.279,0.5805
52.328,0.7197499999999999
52.369,0.73075
52.395,0.7214999999999999
52.445,0.8409999999999999
52.476,1.0785
52.527,1.0759999999999998
52.565,0.50675
52.597,0.5972500000000001
52.647,0.3565
52.675,0.2392499999999999
52.728,0.7755000000000001
52.757,0.7825000000000001
52.798,0.62175
52.843,0.59575
52.875,0.2912499999999999
52.919,0.22875
52.977,0.6685000000000001
52.996,0.916
53.039,0.4725
53.09,0.23275
53.116,0.37825
53.166,0.49975
53.197,0.6432500000000001
53.241,0.6319999999999999
53.279,0.39225
53.325,0.358
53.362,0.4482499999999999
53.395,0.4437500000000001
53.436,0.47575
53.481,0.5192499999999999
53.523,0.568
53.568,0.5995
53.596,0.5767500000000001
53.633,0.6052500000000001
53.696,0.55275
53.716,0.6324999999999998
53.768,0.692
53.801,0.7315
53.837,0.78525
53.887,0.7865
53.919,0.79
53.958,0.8380000000000001
53.998,0.93275
54.045,0.5794999999999999
54.076,0.17825
54.116,0.34175
54.167,0.96775
54.198,0.93075
54.245,0.8155
54.294,0.1122499999999999
54.315,0.5462499999999999
54.356,0.5632499999999999
54.42,1.479
54.437,0.90325
54.479,0.6637500000000001
54.514,0.1887499999999999
54.561,0.1924999999999999
54.605,0.5885
54.64,0.985
54.674,0.885
54.714,0.585
54.765,0.47125
54.81,0.628
54.85,0.6717500000000001
54.878,0.6237499999999999
54.921,0.54125
54.958,0.3775
55.012,0.29425
55.037,0.3407500000000001
55.076,0.4030000000000001
55.14,0.52075
55.158,0.5645
55.196,0.4912499999999999
55.233,0.4615
55.277,0.455
55.314,0.4402499999999999
55.37,0.47775
55.402,0.56225
55.436,0.5445000000000001
55.488,0.54725
55.515,0.64775
55.557,0.98425
55.607,0.7410000000000001
55.637,0.2974999999999999
55.68,0.0739999999999999
55.742,0.03225
55.759,0.5245
55.797,0.9385
55.837,0.6807500000000001
55.88,0.5870000000000001
55.923,0.17925
55.938,0.2204999999999999
55.965,0.5302500000000001
55.995,0.5697500000000001
56.035,0.609
56.078,0.4645
56.125,0.2494999999999999
56.156,0.29475
56.199,0.628
56.243,0.6310000000000002
56.282,0.486
56.326,0.384
56.358,0.3682500000000001
56.405,0.3442499999999999
56.453,0.40525
56.474,0.5165000000000001
56.53,0.4704999999999999
56.563,0.5485
56.596,0.58475
56.645,0.6609999999999999
56.678,0.6387499999999999
56.718,0.644
56.758,0.7012500000000002
56.805,0.7692499999999998
56.838,0.8434999999999999
56.88,0.6960000000000002
56.927,0.4087499999999999
56.959,0.285
57.004,0.06625
57.049,0.1757499999999999
57.083,0.70975
57.119,0.83575
57.178,0.6975000000000001
57.199,0.624
57.239,0.3967499999999999
57.274,0.49625
57.329,0.2845000000000002
57.36,0.6652500000000001
57.397,1.1775
57.454,0.91475
57.482,0.5595
57.52,0.40825
57.56,0.4705000000000001
57.599,0.4275
57.645,0.5
57.678,0.8074999999999999
57.722,0.6077499999999999
57.772,0.392
57.798,0.42825
57.847,0.561
57.88,0.90175
57.917,0.5265
57.969,0.41275
57.999,0.8719999999999999
58.035,0.73725
58.084,0.7060000000000001
58.118,0.5287499999999999
58.167,0.61975
58.198,0.518
58.24,0.7595
58.277,0.5897499999999999
58.318,0.4852499999999999
58.375,0.5365
58.395,0.631
58.433,0.6047499999999999
58.498,0.24525
58.516,0.0767499999999999
58.559,0.52125
58.596,0.7422500000000001
58.638,0.7730000000000001
58.69,0.5807499999999999
58.719,0.48775
58.756,0.4244999999999999
58.793,0.3480000000000001
58.844,0.4054999999999997
58.877,0.6432499999999999
58.922,0.7737499999999999
58.966,0.66675
58.998,0.5442499999999999
59.042,0.4827499999999999
59.093,0.2332499999999999
59.118,0.3412499999999999
59.163,0.7052499999999999
59.211,0.7055
59.233,0.5582499999999999
59.28,0.55525
59.316,0.5265
59.356,0.4434999999999999
59.41,1.0665
59.435,0.962
59.486,0.23575
59.516,0.144
59.568,0.447
59.597,0.77075
59.637,0.7892499999999999
59.687,0.64975
59.72,0.60625
59.757,0.58975
59.821,0.4585
59.836,0.40875
59.88,0.44775
59.914,0.8892500000000001
59.967,1.06825
59.997,0.6352499999999999
60.036,0.388
60.08,0.18675
60.115,0.279
60.166,0.7717499999999999
60.203,0.97275
60.253,0.6327499999999999
60.285,0.4039999999999999
60.315,0.2287499999999999
60.355,0.421
60.42,0.372
60.436,0.4647500000000001
60.478,0.8194999999999999
60.535,0.5882499999999998
60.554,0.3812500000000001
60.61,0.32975
60.643,0.3802500000000001
60.678,0.5522499999999999
60.717,0.4065000000000001
60.753,0.5489999999999999
60.811,0.5272500000000001
60.841,0.3702499999999999
60.877,0.4315000000000001
60.924,0.53125
60.957,0.7357499999999999
61.012,0.5242500000000001
61.043,0.26125
61.079,0.3714999999999999
61.129,0.4810000000000001
61.158,0.5655
61.205,0.4907499999999999
61.26,0.4972499999999999
61.277,0.545
61.319,0.10075
61.355,0.1775000000000001
61.393,0.3177500000000001
61.434,0.2580000000000001
61.479,0.2192499999999999
61.526,0.2229999999999999
61.557,0.67525
61.57,1.131
61.594,0.58175
61.637,0.5565
61.682,0.36125
61.723,0.3437500000000001
61.757,0.7592500000000001
61.798,1.0452499999999998
61.862,0.8524999999999999
61.877,0.469
61.92,0.51
61.956,0.584
61.997,0.38125
62.038,0.5305000000000001
62.084,0.8697499999999999
62.116,0.6619999999999999
62.154,0.4692499999999999
62.211,0.40675
62.236,0.5169999999999999
62.274,0.6169999999999999
62.315,0.7479999999999999
62.362,0.71775
62.397,0.395
62.464,0.50925
62.496,0.605
62.516,0.4907499999999999
62.575,0.52775
62.594,0.2504999999999999
62.648,0.41525
62.678,0.5115
62.718,0.4302499999999999
62.769,0.4105000000000001
62.797,0.4505
62.838,0.4927500000000002
62.88,0.5419999999999999
62.923,0.4454999999999999
62.957,0.25325
63.004,0.1989999999999999
63.052,0.2264999999999999
63.098,0.3827499999999999
63.117,0.4904999999999999
63.171,0.6405000000000001
63.195,0.80525
63.237,0.7757499999999999
63.298,0.79725
63.32,0.49175
63.363,0.4322500000000001
63.397,0.2809999999999999
63.439,0.2334999999999999
63.474,0.327
63.524,0.3722499999999999
63.562,0.613
63.598,0.95425
63.638,0.53825
63.68,0.4275
63.713,0.21125
63.757,0.4442499999999999
63.798,0.8254999999999999
63.835,0.8302499999999999
63.89,0.797
63.915,0.504
63.954,0.1355
63.994,0.1627499999999999
64.036,0.46375
64.088,0.8975000000000002
64.119,0.68325
64.157,0.479
64.195,0.346
64.249,0.2139999999999999
64.286,0.40525
64.317,0.6485
64.36,0.542
64.396,0.254
64.433,0.1847499999999999
64.497,0.40475
64.516,0.60225
64.558,0.5529999999999999
64.622,0.6322500000000001
64.637,0.72025
64.676,0.6585
64.714,0.6122500000000001
64.754,0.7485000000000002
64.798,0.7015
64.833,0.2677499999999999
64.885,0.008
64.913,0.1062499999999999
64.958,0.3687499999999999
65.006,0.6085
65.036,0.6124999999999999
65.087,0.4644999999999999
65.118,0.35625
65.158,0.5342500000000001
65.215,0.6529999999999999
65.236,0.5549999999999999
65.287,0.3095
65.338,0.0527499999999999
65.353,0.02675
65.4,0.0877499999999998
65.433,0.22975
65.478,0.4597500000000001
65.516,0.7762499999999999
65.562,0.8362499999999999
65.602,0.7850000000000001
65.637,0.82775
65.686,0.7024999999999999
65.719,0.3097500000000001
65.756,0.254
65.798,0.2625
65.848,0.79025
65.877,0.9377500000000002
65.938,0.5755
65.956,0.46275
66.008,0.54725
66.038,0.7552500000000001
66.085,0.7810000000000001
66.118,0.634
66.155,0.38975
66.206,0.1444999999999999
66.236,0.0497499999999999
66.275,0.1309999999999999
66.319,0.43875
66.357,0.5780000000000001
66.398,0.6052500000000001
66.444,0.7750000000000001
66.479,0.69375
66.539,0.17925
66.556,0.3039999999999999
66.6,0.3259999999999999
66.659,0.3730000000000001
66.677,0.83275
66.716,0.927
66.758,0.73275
66.806,0.2579999999999999
66.843,0.14125
66.878,0.20225
66.923,0.72525
66.96,1.20425
66.994,0.8714999999999999
67.043,0.393
67.089,0.689
67.121,0.2614999999999999
67.154,0.8200000000000002
67.193,0.806
67.256,0.46275
67.271,0.1175
67.286,0.421
67.319,0.6924999999999999
67.375,0.68975
67.396,0.4902500000000002
67.44,0.2995000000000001
67.479,0.168
67.528,0.2882499999999999
67.557,0.4287499999999999
67.598,0.5125
67.647,0.539
67.678,0.4730000000000001
67.722,0.6259999999999999
67.759,0.63775
67.794,0.5820000000000001
67.848,0.9945
67.876,0.6344999999999998
67.921,0.1737499999999999
67.977,0.1922499999999999
67.997,0.181
68.038,0.93525
68.076,0.8932500000000001
68.115,0.6054999999999999
68.168,0.2794999999999999
68.198,0.17725
68.238,0.39575
68.273,0.5969999999999999
68.318,0.934
68.366,0.7470000000000001
68.397,0.2685
68.434,0.088
68.481,0.3374999999999999
68.519,0.4299999999999999
68.57,0.728
68.599,0.55325
68.643,0.31475
68.716,0.25025
68.729,0.2897499999999999
68.757,0.46225
68.794,0.5355
68.837,0.4102499999999999
68.887,0.36075
68.919,0.4034999999999999
68.959,0.4914999999999999
68.998,0.5027499999999999
69.045,0.5305000000000001
69.093,0.5434999999999999
69.116,0.58525
69.159,0.6607499999999998
69.197,0.7825
69.239,0.7082499999999999
69.298,0.8474999999999999
69.315,0.96025
69.357,0.2647499999999999
69.42,0.13275
69.438,0.1452499999999998
69.48,0.4860000000000001
69.515,0.9165
69.555,0.988
69.596,0.37625
69.644,0.0247499999999999
69.684,0.1975
69.718,0.282
69.755,0.76775
69.8,0.7399999999999999
69.838,0.3289999999999998
69.877,0.17425
69.925,0.0382499999999998
69.961,0.23675
70.008,0.4605
70.036,0.50225
70.082,0.3629999999999999
70.126,0.2025
70.162,0.2005
70.202,0.3055
70.235,0.397
70.277,0.3922500000000001
70.315,0.32375
70.371,0.3019999999999999
70.394,0.351
70.437,0.4734999999999999
70.482,0.5802500000000002
70.514,0.60575
70.571,0.6460000000000001
70.61,0.90475
70.635,0.993
70.685,0.6547499999999999
70.73,0.7214999999999999
70.753,0.33725
70.798,0.4059999999999999
70.835,0.5217499999999999
70.888,0.5299999999999999
70.916,0.43875
70.953,0.44675
70.999,0.5960000000000001
71.035,0.567
71.107,0.1935
71.134,0.4012500000000001
71.16,0.6297499999999999
71.197,0.5379999999999998
71.245,0.2547499999999999
71.283,0.1725
71.332,0.39075
71.354,0.48725
71.401,0.4725000000000001
71.454,0.3944999999999999
71.475,0.2995
71.53,0.28275
71.561,0.40175
71.598,0.5712500000000001
71.638,0.5007500000000001
71.684,0.4439999999999999
71.721,0.3945000000000001
71.756,0.4454999999999999
71.8,0.5045000000000001
71.845,0.58925
71.874,0.7322499999999998
71.92,0.95225
71.956,0.8597500000000001
72.002,0.0662499999999999
72.055,0.32925
72.074,0.2885
72.115,0.2922499999999999
72.156,0.7102499999999999
72.207,0.7122499999999999
72.247,0.51675
72.279,0.484
72.316,0.2109999999999999
72.353,0.31
72.404,0.7165
72.443,0.577
72.478,0.38325
72.517,0.2310000000000001
72.568,0.2662500000000001
72.605,0.4632499999999999
72.648,0.4877499999999999
72.675,0.476
72.726,0.4255000000000001
72.778,0.3742499999999999
72.795,0.331
72.848,0.32525
72.877,0.4315000000000001
72.917,0.52225
72.93,0.61475
72.954,0.6479999999999999
72.998,0.7255
73.047,0.7175
73.078,0.95025
73.115,1.954
73.159,0.32325
73.196,0.1829999999999999
73.245,0.3307499999999999
73.277,0.4292500000000001
73.319,0.55975
73.373,0.78675
73.396,0.71825
73.446,0.502
73.491,0.3865
73.516,0.2175
73.553,0.6552499999999999
73.594,0.80125
73.637,0.31525
73.674,0.14475
73.718,0.20875
73.763,0.40275
73.794,0.45425
73.844,0.41
73.876,0.3754999999999999
73.913,0.3609999999999999
73.969,0.38775
73.999,0.3705
74.04,0.3834999999999999
74.102,0.42625
74.132,0.44425
74.155,0.5627500000000001
74.195,0.56075
74.241,0.8062499999999999
74.286,0.90125
74.317,0.938
74.362,0.65425
74.411,0.80375
74.437,0.3822499999999998
74.479,0.2925000000000001
74.517,0.96725
74.57,1.18575
74.603,0.52925
74.637,0.4204999999999999
74.689,0.26675
74.717,0.1049999999999999
74.766,0.58725
74.813,1.06
74.837,0.7222500000000001
74.875,0.384
74.925,0.1267499999999999
74.956,0.13875
75.001,0.4287499999999999
75.035,0.6369999999999999
75.077,0.4937500000000001
75.121,0.271
75.153,0.308
75.203,0.4175
75.252,0.38625
75.277,0.4145
75.327,0.3542500000000002
75.357,0.369
75.413,0.29125
75.437,0.2832499999999999
75.481,0.29025
75.54,0.3975000000000001
75.576,0.4407499999999998
75.598,0.4249999999999999
75.634,0.6597500000000001
75.686,0.8077499999999999
75.716,0.8727500000000001
75.761,1.45175
75.804,0.95425
75.837,0.7879999999999999
75.876,0.506
75.927,1.1435000000000002
75.955,1.1025
76.005,0.5055000000000001
76.038,0.2329999999999999
76.078,0.58125
76.127,0.5829999999999999
76.157,0.44125
76.205,0.5389999999999998
76.24,0.64425
76.284,0.7559999999999999
76.322,0.5255
76.355,0.47475
76.396,0.4332499999999999
76.434,0.47225
76.481,0.7227499999999999
76.517,0.5895
76.555,0.4972499999999999
76.609,0.4287499999999999
76.636,0.3
76.675,0.3774999999999999
76.74,0.388
76.761,0.3495
76.796,0.3987499999999999
76.85,0.616
76.878,0.6072500000000001
76.925,0.77825
76.975,0.7357499999999999
76.999,0.6197499999999999
77.044,0.74825
77.076,1.0285
77.114,0.27025
77.157,0.2965
77.206,0.53575
77.238,1.154
77.275,0.7292500000000001
77.329,0.23625
77.357,0.24375
77.395,0.473
77.46,0.5415000000000001
77.475,0.7647500000000002
77.527,0.6814999999999999
77.578,0.5760000000000001
77.597,0.57175
77.649,0.4855
77.678,0.1464999999999999
77.719,0.3682499999999998
77.756,0.46075
77.8,0.5309999999999999
77.842,0.578
77.877,0.58275
77.917,0.6345000000000001
77.967,0.43525
78.003,0.4637500000000001
78.037,0.6412499999999999
78.084,0.57975
78.116,0.45425
78.172,0.4337499999999999
78.195,0.4157499999999999
78.243,0.3395000000000001
78.277,0.3922499999999999
78.317,0.3924999999999998
78.366,0.4810000000000001
78.396,0.5795000000000001
78.44,0.6585000000000001
78.476,0.7975000000000001
78.53,0.7945
78.56,0.65575
78.596,0.6927500000000001
78.609,1.418
78.635,0.0025
78.681,0.0052499999999999
78.719,0.9155
78.778,0.8407500000000001
78.817,0.2612499999999998
78.838,0.31525
78.899,0.499
78.916,0.3922499999999999
78.958,0.67525
78.998,0.8115000000000001
79.046,0.44325
79.083,0.4352499999999999
79.128,0.5447500000000001
79.168,0.69825
79.201,0.4385
79.241,0.47725
79.276,0.55
79.321,0.5075000000000001
79.365,0.4994999999999999
79.399,0.41
79.441,0.4347499999999999
79.499,0.5939999999999999
79.517,0.64375
79.555,0.5465000000000001
79.615,0.51975
79.635,0.4075
79.679,0.4715
79.73,0.5285000000000001
79.758,0.64325
79.796,0.7430000000000001
79.838,0.7959999999999999
79.889,0.8252499999999999
79.92,0.8795
79.964,0.75975
79.999,0.21775
80.037,0.159
80.089,0.5665
80.136,0.8349999999999999
80.156,0.7842499999999999
80.21,0.6299999999999999
80.238,0.6327499999999999
80.282,0.4932499999999999
80.316,0.396
80.37,0.4442499999999998
80.402,0.592
80.435,0.7035
80.486,0.51225
80.517,0.42675
80.56,0.42175
80.607,0.30725
80.639,0.4952499999999999
80.678,0.6342500000000001
80.729,0.4970000000000001
80.766,0.3830000000000001
80.806,0.2425
80.835,0.262
80.884,0.265
80.932,0.44125
80.953,0.99
81.001,0.942
81.034,0.6285
81.078,0.6875
81.117,1.7665
81.167,0.15625
81.2,0.49975
81.237,0.94925
81.288,1.4114999999999998
81.319,1.05475
81.359,0.4147499999999999
81.409,0.19375
81.44,0.27275
81.478,0.6302499999999999
81.536,0.8902499999999999
81.559,0.60775
81.598,0.4985
81.662,0.411
81.677,0.563
81.72,0.5162500000000001
81.756,0.47825
81.801,0.6012500000000001
81.839,0.5037499999999999
81.881,0.4682499999999999
81.929,0.3662499999999999
81.961,0.29375
81.998,0.3684999999999999
82.037,0.484
82.083,0.616
82.115,0.7124999999999999
82.158,1.0805
82.197,0.9365
82.26,0.71925
82.294,0.1424999999999999
82.314,0.491
82.354,0.866
82.399,0.94725
82.44,0.8079999999999998
82.475,0.3515
82.52,0.37575
82.559,0.2712499999999999
82.606,0.35625
82.653,0.96025
82.688,0.8865
82.72,0.4562499999999999
82.757,0.2909999999999999
82.798,0.40975
82.857,0.5255000000000001
82.877,0.76925
82.918,0.6567500000000001
82.981,0.4177499999999999
83.016,0.3209999999999999
83.034,0.3432499999999999
83.075,0.2339999999999999
83.118,0.3322499999999999
83.167,0.4542499999999999
83.196,0.5707500000000001
83.243,0.4877500000000001
83.28,0.521
83.319,0.5702500000000001
83.364,0.8512500000000001
83.401,1.112
83.436,0.4424999999999999
83.481,0.316
83.523,0.5357500000000001
83.569,0.8465
83.594,0.7379999999999999
83.65,0.3635
83.688,0.4795
83.723,0.57875
83.757,0.1842499999999999
83.795,0.6962499999999999
83.837,0.96975
83.875,0.6659999999999999
83.929,0.4010000000000001
83.956,0.2252499999999999
83.993,0.449
84.044,0.7834999999999999
84.077,0.79275
84.113,0.4892500000000001
84.158,0.3095000000000001
84.204,0.26725
84.241,0.3974999999999998
84.285,0.4852499999999999
84.3,0.5637500000000001
84.318,0.498
84.359,0.5372500000000001
84.397,0.5624999999999999
84.446,0.4835
84.489,0.51275
84.517,1.2007500000000002
84.557,0.6292499999999999
84.596,0.0745
84.638,0.1787499999999999
84.687,0.5655000000000001
84.717,0.851
84.757,0.6575
84.805,0.4465
84.839,0.104
84.899,0.0224999999999999
84.917,0.6120000000000001
84.958,0.97775
85.018,0.825
85.033,0.3475
85.076,0.22125
85.121,0.23225
85.157,0.245
85.206,0.8175000000000001
85.237,0.921
85.278,0.5670000000000001
85.331,0.43875
85.355,0.5327500000000001
85.401,0.2775000000000001
85.439,0.323
85.481,0.4960000000000001
85.517,0.71575
85.553,0.8315
85.608,0.67625
85.644,0.3264999999999999
85.678,0.0562500000000001
85.735,0.5395000000000002
85.756,0.8467499999999999
85.793,0.524
85.833,0.2252499999999999
85.885,0.2684999999999999
85.917,0.383
85.954,0.4447500000000001
86.012,0.44175
86.039,0.5125000000000002
86.074,0.5085000000000001
86.121,0.4609999999999999
86.159,0.5445000000000001
86.206,0.54625
86.24,0.6644999999999999
86.277,0.6545000000000001
86.341,1.404
86.36,0.885
86.401,0.04325
86.434,0.297
86.48,0.91475
86.527,1.0965
86.558,0.4957499999999999
86.597,0.29625
86.633,0.07775
86.679,0.2787499999999999
86.722,0.7322500000000001
86.755,0.95875
86.806,0.5615
86.839,0.1167499999999999
86.879,0.3227499999999999
86.936,0.508
86.957,0.59825
87.006,0.6329999999999999
87.049,0.5117499999999998
87.077,0.4659999999999999
87.117,0.4627500000000001
87.166,0.4674999999999998
87.199,0.5307499999999999
87.243,0.5812499999999999
87.276,0.549
87.317,0.4175
87.354,0.246
87.395,0.2714999999999999
87.44,0.50075
87.479,0.52625
87.527,0.6327499999999999
87.559,0.5885
87.6,0.65725
87.655,0.663
87.674,0.59775
87.714,0.5534999999999999
87.768,1.1357500000000005
87.796,0.217
87.847,0.22425
87.876,0.27375
87.924,0.3495
87.955,0.6140000000000001
87.999,0.65925
88.045,0.51925
88.076,0.419
88.115,0.424
88.161,0.3212499999999999
88.198,0.3765
88.248,0.49375
88.279,0.5867500000000001
88.317,0.4022499999999999
88.38,0.4
88.403,0.56575
88.433,0.3992500000000001
88.485,0.454
88.519,0.57075
88.566,0.4369999999999999
88.595,0.276
88.648,0.31275
88.676,0.4407500000000001
88.723,0.5265000000000001
88.761,0.5392500000000001
88.795,0.5862499999999999
88.839,0.48025
88.882,0.5185000000000001
88.92,0.6262500000000001
88.976,1.327
89.0,0.136
89.043,0.1775
89.105,0.1379999999999999
89.133,0.6734999999999999
89.153,0.8290000000000001
89.197,0.4127499999999999
89.238,0.34775
89.288,0.486
89.318,0.3755
89.358,0.5045
89.395,0.6172500000000002
89.436,0.59075
89.481,0.48975
89.522,0.391
89.568,0.44775
89.597,0.505
89.636,0.51875
89.699,0.32125
89.718,0.2880000000000001
89.757,0.5519999999999999
89.815,0.6120000000000001
89.837,0.8905
89.886,0.95275
89.917,0.65825
89.957,0.4715
89.972,0.759
90.007,0.5397500000000001
90.036,0.0777500000000001
90.092,0.01325
90.134,0.2699999999999999
90.161,0.63375
90.199,0.7172500000000002
90.236,0.38625
90.289,0.06675
90.316,0.20825
90.361,0.48675
90.414,0.6125
90.436,0.3710000000000001
90.488,0.18975
90.516,0.23875
90.558,0.43325
90.608,0.46775
90.639,0.418
90.686,0.45975
90.716,0.3832499999999998
90.754,0.35725
90.808,0.41775
90.836,0.5597500000000001
90.876,0.6975
90.921,0.7965
90.957,0.849
91.021,1.2335
91.036,0.79975
91.081,0.142
91.126,0.0665
91.157,0.57975
91.208,1.0665
91.238,0.7785
91.276,0.25975
91.318,0.38375
91.356,0.7090000000000001
91.401,0.41175
91.436,0.5262499999999999
91.481,0.5242499999999999
91.522,0.4007499999999999
91.559,0.4062500000000001
91.598,0.5665
91.646,0.5907500000000001
91.679,0.3732500000000001
91.737,0.4992500000000001
91.757,0.5614999999999999
91.797,0.55025
91.86,0.3817499999999999
91.876,0.3727499999999999
91.917,0.2945
91.966,0.2945
91.999,0.49575
92.037,0.81
92.08,0.95075
92.121,0.90425
92.158,0.7142499999999998
92.198,0.6124999999999998
92.245,0.6730000000000002
92.283,0.93825
92.319,0.7255
92.357,0.02575
92.395,0.2917499999999999
92.459,0.2892499999999999
92.475,0.98825
92.523,0.6517499999999999
92.558,0.2105
92.609,0.1852499999999999
92.637,0.41775
92.675,0.3112499999999999
92.715,0.3212499999999999
92.767,0.5439999999999999
92.801,0.5095000000000001
92.847,0.37275
92.878,0.21825
92.917,0.31675
92.955,0.40925
93.013,0.6054999999999999
93.049,0.52675
93.074,0.39425
93.127,0.3107499999999999
93.171,0.317
93.209,0.34475
93.237,0.3677500000000001
93.275,0.5022500000000001
93.318,0.7715000000000001
93.361,0.728
93.397,0.7887499999999998
93.434,0.77225
93.497,0.7899999999999999
93.518,0.6952499999999999
93.564,0.5765000000000001
93.595,0.6152500000000001
93.65,0.7229999999999999
93.68,0.122
93.714,0.16625
93.781,0.1619999999999999
93.801,0.46725
93.837,0.5892499999999999
93.9,0.5885000000000001
93.933,0.4049999999999999
93.955,0.52725
93.996,0.4042500000000001
94.048,0.0115
94.08,0.1859999999999999
94.119,0.45075
94.158,0.46625
94.199,0.3015
94.247,0.24625
94.279,0.4075000000000001
94.32,0.4422499999999999
94.362,0.4267499999999998
94.405,0.4054999999999999
94.441,0.3247500000000001
94.493,0.2257499999999999
94.529,0.2214999999999999
94.559,0.2679999999999999
94.597,0.29125
94.645,0.3844999999999999
94.682,0.722
94.717,0.6084999999999999
94.764,0.666
94.813,0.6845000000000001
94.836,0.6379999999999999
94.888,0.5945
94.919,0.74325
94.963,0.70025
94.997,0.33
95.038,0.1627499999999999
95.1,0.0022499999999999
95.13,0.3874999999999999
95.154,0.4934999999999999
95.213,0.354
95.251,0.4575000000000001
95.276,0.604
95.314,0.5615
95.367,0.5794999999999999
95.403,0.176
95.436,0.27225
95.487,0.438
95.518,0.47825
95.558,0.45925
95.604,0.4655
95.636,0.5515000000000001
95.677,0.427
95.692,0.259
95.724,0.4515
95.754,0.5809999999999998
95.818,0.4554999999999999
95.837,0.2485
95.884,0.1614999999999999
95.937,0.3577499999999999
95.955,0.44925
95.995,0.27825
96.037,0.2439999999999998
96.086,0.6135
96.129,0.5389999999999999
96.168,0.5379999999999999
96.197,0.579
96.237,0.5339999999999999
96.286,0.8320000000000001
96.319,1.13925
96.358,0.28475
96.402,0.0985
96.44,0.62125
96.477,0.6745
96.539,0.5865
96.559,0.36
96.597,0.4277499999999999
96.636,0.5940000000000001
96.677,0.3299999999999999
96.728,0.219
96.759,0.5845
96.796,0.5950000000000002
96.852,0.5325000000000001
96.876,0.45675
96.918,0.4965
96.953,0.4567500000000001
97.001,0.3889999999999998
97.043,0.509
97.079,0.5345
97.143,0.40625
97.177,0.3392499999999999
97.197,0.43025
97.252,0.4325
97.274,0.42
97.326,0.2577499999999999
97.354,0.1372499999999998
97.398,0.3294999999999999
97.445,0.557
97.476,0.547
97.517,0.5057499999999999
97.553,0.688
97.601,0.7790000000000001
97.634,0.918
97.677,0.9215
97.727,0.2967499999999999
97.757,0.2089999999999999
97.799,0.1914999999999999
97.855,0.383
97.895,0.48175
97.913,0.41125
97.967,0.37875
97.996,0.5342499999999999
98.038,0.5904999999999998
98.075,0.66525
98.126,0.249
98.157,0.1984999999999999
98.199,0.5265000000000001
98.241,0.7919999999999999
98.274,0.62625
98.318,0.3465
98.359,0.25025
98.4,0.3754999999999999
98.445,0.507
98.481,0.5665
98.52,0.38775
98.573,0.159
98.611,0.20325
98.635,0.3244999999999999
98.678,0.3822499999999998
98.727,0.3215
98.763,0.2115
98.802,0.2434999999999999
98.837,0.3175
98.889,0.38825
98.913,0.5672499999999999
98.964,0.5812499999999999
98.995,0.67425
99.048,0.9255
99.086,0.96075
99.129,0.4604999999999999
99.165,0.385
99.201,0.4577500000000001
99.245,0.5555
99.29,0.5675
99.318,0.5419999999999999
99.365,0.5267499999999998
99.401,0.5572500000000001
99.438,0.5574999999999999
99.487,0.617
99.516,0.67625
99.558,0.4272500000000001
99.594,0.3637499999999999
99.649,0.42525
99.677,0.4434999999999999
99.716,0.5517499999999999
99.757,0.59025
99.797,0.6084999999999999
99.836,0.60575
99.899,0.50475
99.914,0.54725
99.957,0.5775
100.022,0.4925
100.037,0.4097499999999999
100.08,0.3335
100.129,0.30525
100.156,0.2935000000000001
100.194,0.1845
100.239,0.2969999999999999
100.278,0.515
100.313,0.63
100.368,0.6140000000000001
100.396,0.59775
100.434,0.5615
100.479,0.8640000000000001
100.524,0.95475
100.559,0.347
100.62,0.1242499999999999
100.636,0.03575
100.677,0.2017500000000001
100.717,0.5769999999999998
100.766,0.93375
100.81,0.6212500000000001
100.841,0.4702499999999999
100.878,0.4342499999999999
100.914,0.4177499999999998
100.954,0.65375
101.007,0.64475
101.036,0.36875
101.079,0.353
101.134,0.41825
101.157,0.4892499999999999
101.222,0.5000000000000001
101.239,0.501
101.275,0.5215
101.342,0.5387500000000001
101.374,0.43525
101.39,0.3127500000000001
101.406,0.31525
101.443,0.3239999999999999
101.485,0.2809999999999999
101.524,0.3002499999999999
101.554,0.5075
101.602,0.7617499999999999
101.634,0.7965000000000001
101.688,0.7452500000000001
101.72,0.61725
101.758,0.60975
101.811,0.5880000000000001
101.841,0.562
101.879,0.1025
101.938,0.3245000000000002
101.956,0.92175
102.004,0.5675
102.056,0.21075
102.077,0.283
102.133,0.6977500000000001
102.161,0.6245
102.196,0.4674999999999999
102.253,0.3319999999999999
102.276,0.4375
102.327,0.62175
102.359,0.5135
102.399,0.5565000000000001
102.439,0.5002500000000001
102.475,0.4229999999999999
102.528,0.4892499999999999
102.557,0.61075
102.594,0.4599999999999999
102.658,0.363
102.677,0.3534999999999999
102.72,0.3982500000000001
102.759,0.41425
102.807,0.315
102.841,0.1985
102.877,0.1915
102.917,0.264
102.971,0.494
102.999,0.5495000000000001
103.042,0.5244999999999999
103.077,0.63225
103.131,0.6912499999999999
103.163,0.5979999999999999
103.196,0.59225
103.268,0.6222500000000001
103.287,0.56575
103.317,0.45925
103.382,0.0175
103.399,0.0987500000000001
103.444,0.27175
103.479,0.65125
103.518,0.6884999999999999
103.568,0.5140000000000001
103.601,0.2274999999999999
103.637,0.25125
103.678,0.3584999999999999
103.727,0.5407500000000001
103.759,0.568
103.798,0.294
103.844,0.2392499999999999
103.879,0.3097499999999999
103.925,0.48325
103.977,0.5222500000000001
103.997,0.4545000000000001
104.039,0.40275
104.101,0.44375
104.135,0.4392499999999999
104.154,0.2334999999999999
104.214,0.1985
104.234,0.34425
104.281,0.44625
104.324,0.4904999999999999
104.364,0.65175
104.396,0.73825
104.438,0.5524999999999999
104.492,0.6785
104.532,0.7324999999999999
104.555,0.5995
104.599,0.7159999999999999
104.644,0.75525
104.697,0.3994999999999998
104.716,0.0077499999999999
104.765,0.10375
104.796,0.39575
104.837,0.5630000000000001
104.89,0.4884999999999999
104.923,0.3704999999999999
104.961,0.2897499999999999
104.997,0.544
105.049,0.4680000000000001
105.088,0.1845000000000001
105.122,0.5175000000000001
105.156,0.4922499999999999
105.198,0.2985
105.238,0.1435
105.297,0.4277499999999999
105.319,0.6465000000000001
105.37,0.5730000000000001
105.416,0.46975
105.456,0.3319999999999999
105.479,0.3324999999999999
105.516,0.39
105.559,0.42425
105.609,0.4665000000000001
105.643,0.57775
105.676,0.617
105.715,0.7057500000000001
105.758,0.69725
105.797,0.7782499999999999
105.837,0.86875
105.877,0.5980000000000001
105.924,0.11275
105.956,0.1112499999999999
106.017,0.2329999999999999
106.039,0.2194999999999999
106.077,0.2794999999999999
106.142,0.3444999999999999
106.177,0.4614999999999999
106.196,0.423
106.238,0.6695
106.28,0.296
106.314,0.0735
106.36,0.2605
106.407,0.5107499999999999
106.441,0.56
106.487,0.4565
106.519,0.3355
106.556,0.46575
106.605,0.5654999999999999
106.64,0.617
106.677,0.53875
106.743,0.40075
106.78,0.3794999999999999
106.797,0.5605000000000001
106.836,0.61475
106.886,0.7515000000000001
106.927,0.8117499999999999
106.96,0.6004999999999999
106.997,0.50475
107.035,0.736
107.05,0.387
107.074,0.1009999999999999
107.127,0.2879999999999999
107.174,0.1392499999999999
107.196,0.3632499999999999
107.238,0.5745
107.283,0.41275
107.338,0.3854999999999999
107.361,0.4252499999999999
107.397,0.3830000000000001
107.462,0.391
107.477,0.37625
107.517,0.33125
107.557,0.25125
107.598,0.2242499999999999
107.65,0.26875
107.684,0.3605
107.717,0.32175
107.754,0.271
107.796,0.3525
107.842,0.39775
107.881,0.4895
107.922,0.53275
107.959,0.5409999999999999
107.999,0.66525
108.053,0.71925
108.074,0.65175
108.119,0.649
108.172,0.72375
108.199,0.6065
108.238,0.5634999999999999
108.292,0.8177500000000001
108.318,1.532
108.356,0.2852499999999999
108.399,0.1475
108.445,0.24975
108.475,0.4882499999999999
108.518,0.7984999999999999
108.568,0.6395000000000001
108.599,0.4644999999999999
108.647,0.09675
108.68,0.1279999999999999
108.718,0.1945
108.78,0.4219999999999999
108.796,0.5535
108.842,0.2859999999999999
108.879,0.0952499999999999
108.923,0.23475
108.961,0.293
108.997,0.33475
109.046,0.3937499999999999
109.084,0.3067499999999999
109.115,0.32525
109.158,0.3379999999999999
109.212,0.29325
109.235,0.3527500000000001
109.283,0.4685
109.319,0.5745
109.381,0.553
109.399,0.57175
109.438,0.81325
109.504,0.9645
109.52,0.8845000000000001
109.559,0.756
109.6,0.5162500000000001
109.641,0.45425
109.685,0.5215000000000002
109.714,0.6220000000000002
109.76,0.7192500000000001
109.799,0.675
109.839,0.47775
109.886,0.4539999999999999
109.919,0.3272499999999999
109.961,0.285
110.001,0.6404999999999998
110.037,0.6297499999999999
110.097,0.34475
110.137,0.2894999999999998
110.167,0.4202499999999999
110.213,0.5722499999999999
110.236,0.5875000000000001
110.279,0.4887499999999999
110.317,0.38275
110.365,0.2787499999999999
110.399,0.2804999999999999
110.438,0.35925
110.48,0.44925
110.516,0.47
110.568,0.64775
110.605,0.67075
110.638,0.76275
110.688,0.9105
110.717,0.991
110.759,0.6164999999999999
110.817,0.1927500000000001
110.856,0.1025
110.877,0.4705000000000001
110.916,0.70675
110.963,0.528
110.997,0.433
111.034,0.43875
111.074,0.4332499999999999
111.115,0.55225
111.157,0.4357499999999999
111.195,0.4620000000000001
111.254,0.48225
111.275,0.32975
111.319,0.21525
111.368,0.2005
111.408,0.28675
111.437,0.2905
111.493,0.3405
111.529,0.3330000000000001
111.569,0.2942500000000001
111.596,0.3489999999999998
111.637,0.4952500000000001
111.689,0.46475
111.724,0.6355
111.76,0.6702499999999999
111.799,0.7335
111.837,0.8017500000000001
111.878,0.6617500000000001
111.923,0.4195
111.963,0.376
112.0,0.11175
112.038,0.423
112.087,0.7465
112.134,0.6692499999999999
112.166,0.549
112.198,0.3854999999999999
112.247,0.4165
112.279,0.2784999999999999
112.326,0.5992500000000001
112.358,0.5892499999999999
112.403,0.4870000000000001
112.436,0.38875
112.475,0.452
112.524,0.4377499999999999
112.554,0.3502499999999999
112.608,0.4675
112.642,0.5117499999999999
112.678,0.4035000000000001
112.731,0.3232499999999999
112.745,0.36
112.774,0.4935
112.8,0.567
112.853,0.5892499999999999
112.881,0.6080000000000001
112.923,0.6542499999999999
112.954,0.6107500000000001
113.001,0.5765
113.047,0.5105
113.08,0.5005
113.119,0.47675
113.166,0.3729999999999999
113.197,0.25275
113.239,0.3769999999999999
113.276,0.6932500000000001
113.326,0.5397500000000002
113.365,0.4710000000000001
113.398,0.446
113.46,0.0635
113.493,0.152
113.519,0.242
113.575,0.3342499999999999
113.594,0.3390000000000001
113.638,0.22825
113.677,0.2474999999999999
113.728,0.3069999999999999
113.756,0.15575
113.797,0.0717499999999999
113.839,0.3242500000000001
113.878,0.3237499999999998
113.919,0.2809999999999999
113.965,0.2115
114.0,0.1394999999999999
114.048,0.2219999999999999
114.08,0.3487499999999999
114.116,0.3267500000000001
114.169,0.3327500000000001
114.196,0.31025
114.247,0.377
114.292,0.57325
114.318,0.5655
114.362,0.5475
114.416,0.7285
114.44,0.80325
114.476,0.776
114.518,0.5650000000000001
114.557,0.68275
114.596,0.5954999999999999
114.635,0.27425
114.682,0.1002499999999999
114.72,0.294
114.768,0.71925
114.802,0.5295000000000001
114.837,0.428
114.891,0.27975
114.929,0.3605000000000001
114.958,0.4097499999999999
114.997,0.4049999999999999
115.045,0.4902500000000002
115.084,0.4569999999999999
115.118,0.3422499999999999
115.156,0.3674999999999999
115.195,0.4687500000000001
115.24,0.31975
115.288,0.3307499999999999
115.322,0.3542499999999999
115.357,0.381
115.407,0.2529999999999999
115.439,0.186
115.499,0.25275
115.518,0.66575
115.554,0.58825
115.616,0.7660000000000001
115.638,0.703
115.678,0.61575
115.717,0.5630000000000001
115.758,0.46975
115.807,0.59025
115.838,0.6172500000000001
115.877,0.43425
115.916,0.2015
115.973,0.2617500000000001
116.007,0.094
116.035,0.6155
116.083,0.6144999999999999
116.12,0.429
116.171,0.3479999999999999
116.213,0.2017500000000001
116.234,0.2892500000000001
116.28,0.36075
116.337,0.2754999999999999
116.356,0.2220000000000001
116.408,0.2045
116.437,0.23875
116.476,0.355
116.52,0.3685
116.563,0.2804999999999999
116.605,0.25825
116.637,0.4300000000000001
116.678,0.3932499999999999
116.726,0.2639999999999999
116.756,0.2694999999999999
116.806,0.353
116.84,0.4892499999999998
116.878,0.632
116.94,0.7277499999999999
116.961,0.77925
116.997,0.6227499999999999
117.049,0.7742500000000001
117.079,0.7470000000000001
117.123,0.6090000000000001
117.168,0.3802499999999999
117.194,0.3755
117.235,0.1514999999999999
117.287,0.09725
117.332,0.1385
117.365,0.25425
117.405,0.4014999999999999
117.441,0.676
117.48,0.6305
117.539,0.0494999999999999
117.555,0.11375
117.6,0.2960000000000001
117.658,0.5895
117.677,0.46625
117.72,0.22525
117.757,0.011
117.798,0.1302499999999999
117.846,0.3572499999999998
117.879,0.4735000000000001
117.923,0.3684999999999999
117.958,0.23425
117.998,0.16075
118.048,0.3015000000000001
118.075,0.362
118.126,0.3087500000000001
118.171,0.3049999999999999
118.196,0.2689999999999999
118.259,0.3019999999999999
118.279,0.42175
118.318,0.4535
118.377,0.5562499999999999
118.39,0.76725
118.427,0.82575
118.449,0.8137500000000001
118.485,0.77875
118.518,0.80125
118.554,0.5442500000000001
118.609,0.1959999999999999
118.637,0.1245
118.675,0.5065
118.717,0.7552500000000001
118.759,0.4837499999999999
118.798,0.2644999999999999
118.847,0.46475
118.881,0.2962499999999999
118.916,0.3884999999999998
118.971,0.5812499999999999
118.999,0.4589999999999998
119.044,0.2892500000000001
119.077,0.2085
119.119,0.3764999999999999
119.158,0.4665
119.196,0.438
119.237,0.3237499999999998
119.279,0.3197500000000001
119.325,0.3867499999999999
119.366,0.3860000000000001
119.395,0.33175
119.435,0.4720000000000001
119.477,0.6757499999999999
119.52,0.7705
119.58,0.8339999999999999
119.599,0.786
119.639,0.5975000000000001
119.696,0.522
119.734,0.63875
119.758,0.38625
119.798,0.0192499999999999
119.842,0.33925
119.886,0.4477500000000001
119.916,0.303
119.957,0.286
119.994,0.47225
120.038,0.63175
120.086,0.253
120.125,0.0207499999999999
120.16,0.2620000000000001
120.198,0.4962499999999999
120.238,0.50125
120.3,0.1965
120.319,0.0959999999999999
120.357,0.43925
120.422,0.5630000000000001
120.439,0.39175
120.477,0.27125
120.517,0.194
120.559,0.246
120.614,0.3754999999999999
120.634,0.4474999999999999
120.681,0.52275
120.717,0.4429999999999999
120.759,0.5477500000000001
120.801,0.6785
120.843,0.7722499999999999
120.884,0.65025
120.919,0.6932500000000001
120.958,0.5855
121.012,0.552
121.037,0.3824999999999999
121.076,0.2327500000000001
121.115,0.0237499999999999
121.157,0.0819999999999999
121.208,0.21525
121.237,0.2839999999999999
121.277,0.5529999999999999
121.315,0.4599999999999999
121.369,0.36425
121.398,0.011
121.435,0.18625
121.482,0.4815
121.518,0.4862499999999998
121.564,0.315
121.618,0.068
121.64,0.1462499999999998
121.681,0.28575
121.734,0.4122500000000001
121.756,0.3549999999999998
121.803,0.2444999999999999
121.835,0.1915
121.878,0.2640000000000001
121.928,0.3090000000000001
121.961,0.4404999999999999
121.995,0.47025
122.035,0.5595
122.089,0.7024999999999999
122.12,0.7892500000000002
122.162,0.89
122.196,0.94175
122.244,0.69475
122.282,0.5085
122.332,0.2594999999999999
122.354,0.24
122.401,0.1765000000000002
122.454,0.3409999999999999
122.479,0.3825
122.517,0.4957500000000001
122.572,0.47825
122.594,0.3805
122.635,0.3065
122.695,0.3747499999999999
122.715,0.42925
122.759,0.2627499999999999
122.798,0.1282500000000001
122.842,0.2135
122.878,0.21525
122.941,0.2485
122.971,0.3677499999999999
122.995,0.29175
123.05,0.266
123.079,0.312
123.123,0.29225
123.17,0.2779999999999999
123.208,0.21275
123.237,0.375
123.278,0.5082500000000002
123.326,0.5267499999999999
123.359,0.5352499999999999
123.399,0.6475000000000002
123.447,0.8614999999999999
123.479,0.768
123.518,0.8825000000000001
123.557,1.11025
123.603,0.03825
123.657,0.2644999999999999
123.681,0.33225
123.717,0.6305000000000001
123.782,0.595
123.8,0.3097499999999999
123.838,0.2075
123.88,0.35325
123.924,0.378
123.965,0.3387500000000001
124.019,0.4249999999999999
124.034,0.26125
124.05,0.1714999999999999
124.091,0.17825
124.116,0.182
124.175,0.17825
124.198,0.2905
124.237,0.33125
124.283,0.2655
124.319,0.29325
124.38,0.3545
124.4,0.3764999999999999
124.434,0.3864999999999999
124.5,0.4659999999999999
124.52,0.56175
124.554,0.64025
124.594,0.7809999999999999
124.643,0.7425
124.678,0.8775
124.713,0.7444999999999999
124.758,0.4862499999999999
124.815,0.4287500000000001
124.836,0.33925
124.876,0.27925
124.916,0.2664999999999999
124.963,0.0757500000000002
124.999,0.33375
125.038,0.46625
125.099,0.3632499999999999
125.138,0.3855
125.173,0.5035000000000001
125.204,0.4472500000000001
125.237,0.1584999999999999
125.288,0.2674999999999999
125.32,0.5027500000000001
125.358,0.3420000000000001
125.402,0.309
125.434,0.32425
125.486,0.11975
125.518,0.28925
125.557,0.40675
125.606,0.2702500000000001
125.64,0.1472499999999998
125.696,0.141
125.717,0.2644999999999999
125.761,0.5045000000000002
125.812,0.644
125.84,0.64475
125.882,0.5972500000000001
125.919,0.7499999999999999
125.963,0.7235
126.009,0.7085000000000001
126.041,0.6695
126.079,0.631
126.121,0.365
126.17,0.1617499999999999
126.2,0.16
126.246,0.0342500000000001
126.285,0.2505
126.319,0.4662499999999999
126.364,0.4905
126.422,0.4114999999999998
126.441,0.275
126.475,0.3314999999999999
126.538,0.2727499999999999
126.559,0.2034999999999999
126.597,0.3474999999999999
126.651,0.3237499999999998
126.678,0.374
126.714,0.41325
126.758,0.425
126.81,0.25975
126.846,0.20675
126.879,0.4297499999999998
126.929,0.5012500000000001
126.96,0.3999999999999999
127.006,0.25225
127.039,0.2444999999999999
127.076,0.3520000000000001
127.143,0.5072499999999999
127.178,0.5095
127.196,0.536
127.253,0.77525
127.276,0.8167499999999999
127.328,0.9169999999999998
127.357,0.7214999999999998
127.398,0.6595
127.436,0.6105
127.487,0.4577500000000001
127.524,0.3424999999999999
127.559,0.2575
127.606,0.1082499999999999
127.639,0.14575
127.683,0.38375
127.734,0.5142500000000002
127.759,0.4189999999999999
127.796,0.39625
127.857,0.03025
127.881,0.0875
127.918,0.3099999999999999
127.971,0.4505
127.997,0.308
128.047,0.09725
128.08,0.0909999999999999
128.115,0.25275
128.168,0.3730000000000001
128.195,0.3427500000000001
128.243,0.19725
128.279,0.1052499999999999
128.325,0.25775
128.363,0.37575
128.402,0.3595
128.447,0.3092500000000001
128.475,0.3954999999999999
128.525,0.4967500000000001
128.575,0.6519999999999999
128.597,0.6629999999999999
128.649,0.77525
128.68,0.8317500000000001
128.718,0.7882500000000001
128.755,0.7665
128.799,0.4635
128.843,0.2784999999999999
128.876,0.45925
128.923,0.0040000000000001
128.956,0.0852500000000001
128.999,0.1749999999999999
129.046,0.4064999999999998
129.084,0.5157499999999999
129.117,0.5814999999999999
129.195,0.3992499999999999
129.209,0.0665
129.236,0.0232499999999999
129.29,0.2660000000000001
129.317,0.4375000000000001
129.367,0.3714999999999999
129.399,0.28425
129.443,0.1227499999999999
129.475,0.0005
129.533,0.1997499999999999
129.571,0.40675
129.604,0.3285
129.638,0.16925
129.68,0.1124999999999999
129.696,0.2254999999999999
129.739,0.3572499999999999
129.772,0.382
129.795,0.3335
129.836,0.29425
129.897,0.3069999999999999
129.918,0.4542499999999999
129.957,0.6345
130.01,0.7695
130.038,0.78125
130.091,0.74
130.122,0.6649999999999999
130.169,0.578
130.199,0.5290000000000001
130.239,0.4969999999999999
130.279,0.266
130.318,0.1905
130.369,0.18825
130.399,0.1044999999999999
130.437,0.263
130.503,0.4739999999999998
130.519,0.5735
130.559,0.51475
130.616,0.576
130.636,0.3399999999999999
130.684,0.2827499999999999
130.718,0.35225
130.763,0.285
130.798,0.4054999999999999
130.847,0.3407500000000001
130.884,0.31425
130.914,0.3522499999999999
130.96,0.3385
131.004,0.3435
131.036,0.3164999999999999
131.083,0.2855
131.119,0.27275
131.167,0.287
131.208,0.33375
131.247,0.4435
131.28,0.54875
131.318,0.7174999999999999
131.368,0.7970000000000002
131.403,0.70475
131.435,0.7417499999999999
131.481,0.6992499999999999
131.517,0.6460000000000001
131.567,0.63375
131.608,0.416
131.636,0.3117499999999999
131.677,0.0809999999999999
131.723,0.2962500000000001
131.755,0.0377499999999999
131.82,0.192
131.836,0.4884999999999999
131.877,0.46375
131.943,0.33175
131.959,0.0785
131.998,0.03425
132.038,0.2655
132.086,0.27625
132.124,0.2515
132.156,0.3234999999999999
132.195,0.1827499999999999
132.235,0.05525
132.289,0.20425
132.319,0.2957499999999999
132.359,0.2905
132.407,0.2445
132.439,0.15875
132.483,0.2504999999999999
132.538,0.4025000000000001
132.571,0.4109999999999999
132.601,0.4785000000000001
132.655,0.59325
132.676,0.7907499999999998
132.728,0.7017499999999999
132.762,0.7160000000000002
132.796,0.72325
132.835,0.61025
132.876,0.6695
132.928,0.4365
132.96,0.1842499999999999
133.003,0.2219999999999999
133.038,0.17025
133.084,0.0797499999999999
133.122,0.0037499999999999
133.165,0.1857499999999999
133.216,0.5357500000000002
133.25,0.54175
133.28,0.123
133.323,0.25525
133.359,0.0034999999999999
133.398,0.2665
133.449,0.4025000000000001
133.48,0.41775
133.516,0.3429999999999999
133.555,0.0432499999999999
133.606,0.04525
133.636,0.2279999999999999
133.678,0.40725
133.729,0.32125
133.762,0.1647499999999999
133.804,0.124
133.859,0.265
133.878,0.33325
133.918,0.3612500000000002
133.979,0.3382499999999999
134.0,0.2877499999999999
134.037,0.3399999999999998
134.092,0.3742499999999999
134.12,0.5015000000000002
134.167,0.8505
134.213,0.8367499999999999
134.235,0.77475
134.276,0.8382499999999999
134.327,0.75375
134.361,0.42575
134.399,0.1154999999999999
134.444,0.10125
134.478,0.1152499999999998
134.521,0.477
134.576,0.59525
134.599,0.5599999999999999
134.64,0.4694999999999999
134.697,0.1362499999999999
134.718,0.0844999999999999
134.757,0.43925
134.796,0.66
134.849,0.4755000000000001
134.88,0.3665
134.919,0.3585000000000001
134.968,0.563
135.008,0.4009999999999999
135.038,0.3102500000000001
135.085,0.4077500000000001
135.123,0.4904999999999999
135.157,0.419
135.204,0.3332499999999999
135.239,0.4277500000000001
135.3,0.6405
135.318,0.693
135.358,0.4855
135.373,0.13075
135.408,0.129
135.439,0.4417499999999998
135.485,0.6602499999999999
135.518,0.73325
135.56,0.65075
135.599,0.5680000000000001
135.638,0.3974999999999999
135.688,0.4117499999999999
135.717,0.4365000000000001
135.757,0.3665
135.805,0.4360000000000001
135.845,0.4510000000000002
135.889,0.48425
135.916,0.5249999999999999
135.969,0.4599999999999999
136.007,0.3679999999999999
136.038,0.5009999999999999
136.086,0.501
136.118,0.38375
136.165,0.2815
136.196,0.308
136.235,0.5257499999999999
136.283,0.6887500000000001
136.318,0.6422500000000001
136.366,0.6617500000000001
136.4,0.6657500000000001
136.446,0.6000000000000001
136.487,0.40925
136.519,0.3154999999999999
136.557,0.298
136.621,0.12675
136.64,0.0715
136.677,0.3285000000000001
136.741,0.426
136.76,0.33025
136.796,0.4115000000000001
136.847,0.4709999999999998
136.881,0.477
136.917,0.571
136.968,0.41125
136.998,0.3679999999999999
137.036,0.4629999999999999
137.092,0.3019999999999999
137.126,0.39025
137.157,0.39975
137.197,0.3997499999999999
137.242,0.5177500000000002
137.289,0.548
137.333,0.5722499999999999
137.357,0.4942500000000001
137.393,0.236
137.442,0.3029999999999999
137.478,0.3037499999999999
137.518,0.2544999999999999
137.555,0.2989999999999999
137.594,0.3467499999999999
137.636,0.5565
137.685,0.9535000000000002
137.721,1.013
137.773,0.98425
137.797,0.69025
137.839,0.49575
137.879,0.45975
137.942,0.76
137.959,0.5137499999999999
137.999,0.3335000000000001
138.056,0.3754999999999999
138.077,0.51925
138.124,0.542
138.16,0.5452499999999999
138.197,0.52675
138.247,0.549
138.28,0.5565
138.32,0.5112499999999999
138.356,0.3267499999999999
138.398,0.2932499999999999
138.445,0.4407500000000001
138.477,0.503
138.528,0.5825
138.563,0.69675
138.596,0.5812499999999999
138.662,0.3654999999999999
138.678,0.177
138.717,0.4020000000000001
138.779,0.4795
138.797,0.44625
138.84,0.5009999999999999
138.88,0.4657499999999999
138.927,0.6352500000000001
138.96,0.7379999999999999
139.004,0.7670000000000001
139.047,0.8062500000000001
139.08,0.7267499999999998
139.118,0.4957500000000001
139.167,0.25975
139.219,0.2289999999999999
139.236,0.38475
139.28,0.4355
139.322,0.4155
139.371,0.44425
139.397,0.4385
139.444,0.6775
139.479,0.6604999999999999
139.525,0.3235
139.565,0.25425
139.599,0.35525
139.638,0.3549999999999998
139.674,0.4357499999999998
139.723,0.5472499999999999
139.768,0.51025
139.801,0.5647500000000001
139.843,0.5917499999999999
139.878,0.508
139.919,0.4532499999999999
139.979,0.28625
140.015,0.1239999999999998
140.04,0.3527499999999999
140.093,0.415
140.115,0.4672499999999999
140.16,0.485
140.204,0.44825
140.236,0.5582499999999999
140.279,0.5409999999999999
140.318,0.3429999999999998
140.367,0.3844999999999999
140.4,0.3502499999999999
140.437,0.32675
140.482,0.4149999999999999
140.519,0.5395
140.564,0.60625
140.599,0.52625
140.639,0.5447500000000002
140.697,0.4542499999999999
140.722,0.2919999999999998
140.757,0.2652499999999999
140.818,0.4592500000000001
140.853,0.53025
140.877,0.5502499999999999
140.921,0.48275
140.958,0.4585000000000001
140.996,0.4892499999999999
141.037,0.4922499999999999
141.053,0.3794999999999999
141.074,0.1122499999999999
141.115,0.122
141.157,0.36025
141.202,0.5477499999999998
141.239,0.8157500000000002
141.289,0.8769999999999999
141.319,0.6839999999999999
141.357,0.4962500000000001
141.423,0.5215000000000001
141.439,0.5687499999999999
141.479,0.4395
141.518,0.2889999999999999
141.568,0.2269999999999999
141.6,0.3897499999999999
141.64,0.4299999999999999
141.682,0.4659999999999998
141.718,0.5134999999999998
141.758,0.3195
141.804,0.27525
141.84,0.4324999999999999
141.879,0.3342499999999999
141.922,0.3272499999999999
141.957,0.2757499999999999
142.02,0.4367499999999999
142.038,0.57125
142.084,0.5414999999999999
142.136,0.5627499999999999
142.157,0.4757500000000001
142.194,0.2385
142.25,0.2522500000000001
142.276,0.28525
142.335,0.3757499999999999
142.364,0.4824999999999999
142.397,0.5784999999999999
142.437,0.62975
142.479,0.7134999999999998
142.521,0.75575
142.56,0.7982500000000001
142.607,0.4297499999999999
142.641,0.34725
142.682,0.2967499999999998
142.733,0.30225
142.756,0.3660000000000001
142.805,0.4277499999999999
142.855,0.3279999999999999
142.876,0.3487500000000001
142.93,0.3995000000000001
142.963,0.4882499999999999
142.998,0.3905
143.051,0.2205
143.081,0.15125
143.121,0.188
143.158,0.24625
143.199,0.36675
143.24,0.4312500000000001
143.278,0.406
143.329,0.2827499999999999
143.36,0.3147499999999998
143.4,0.4332499999999999
143.45,0.3702499999999999
143.479,0.28375
143.525,0.2979999999999999
143.558,0.4377500000000001
143.606,0.5184999999999998
143.644,0.5725
143.68,0.6935
143.718,0.6875
143.754,0.6712500000000001
143.809,0.5840000000000001
143.841,0.374
143.878,0.2059999999999999
143.92,0.34775
143.957,0.20625
144.001,0.24
144.059,0.4982499999999999
144.079,0.6652499999999999
144.124,0.5229999999999999
144.179,0.4315
144.23,0.5362500000000001
144.248,0.59775
144.285,0.3059999999999999
144.319,0.16425
144.364,0.2827499999999999
144.399,0.4125000000000001
144.441,0.4997499999999999
144.476,0.4914999999999998
144.529,0.45525
144.56,0.56725
144.596,0.6017500000000001
144.651,0.50375
144.683,0.32125
144.722,0.16375
144.768,0.143
144.798,0.2079999999999999
144.849,0.3077500000000002
144.89,0.5650000000000001
144.915,0.65375
144.959,0.6447500000000002
144.997,0.6632499999999999
145.057,0.6692500000000001
145.092,0.5115000000000001
145.116,0.6387499999999999
145.165,0.69475
145.211,0.2065
145.239,0.23375
145.276,0.0787500000000001
145.317,0.3950000000000001
145.368,0.4807500000000001
145.4,0.4970000000000001
145.444,0.4949999999999999
145.498,0.5405
145.517,0.2862500000000001
145.572,0.2362499999999999
145.601,0.3907499999999999
145.635,0.3459999999999998
145.683,0.3524999999999999
145.714,0.3242499999999999
145.768,0.4
145.802,0.4955000000000001
145.837,0.57
145.878,0.4522499999999998
145.918,0.4429999999999999
145.966,0.3422499999999999
146.0,0.219
146.04,0.1562500000000001
146.101,0.2395
146.12,0.3897499999999999
146.155,0.5012500000000001
146.212,0.58375
146.236,0.6552499999999999
146.279,0.6235
146.331,0.645
146.356,0.6345000000000001
146.406,0.58325
146.438,0.35125
146.483,0.33775
146.517,0.28025
146.56,0.0557499999999998
146.598,0.2509999999999999
146.636,0.42
146.688,0.4670000000000001
146.722,0.34775
146.738,0.4275
146.76,0.5559999999999999
146.808,0.65725
146.836,0.546
146.889,0.3429999999999999
146.93,0.2987499999999999
146.958,0.2272499999999999
147.01,0.3622499999999999
147.039,0.4545000000000001
147.077,0.5055
147.117,0.4515
147.168,0.3235
147.2,0.373
147.237,0.36875
147.278,0.2495000000000001
147.318,0.2285
147.36,0.241
147.407,0.3169999999999999
147.441,0.64875
147.484,0.66675
147.536,0.6902499999999999
147.559,0.5924999999999998
147.599,0.46225
147.655,0.7600000000000001
147.678,0.6709999999999999
147.728,0.3665
147.757,0.3774999999999999
147.794,0.55575
147.836,0.6425000000000001
147.887,0.4579999999999999
147.932,0.4014999999999999
147.963,0.4589999999999999
147.996,0.5880000000000001
148.043,0.4942500000000001
148.08,0.45575
148.141,0.35975
148.16,0.3712500000000001
148.199,0.3582499999999999
148.251,0.48425
148.274,0.6742500000000001
148.327,0.5994999999999999
148.358,0.63675
148.4,0.5277499999999999
148.446,0.3349999999999999
148.479,0.4305000000000001
148.516,0.4189999999999999
148.573,0.3219999999999998
148.597,0.26975
148.637,0.2189999999999999
148.681,0.3539999999999998
148.724,0.55675
148.76,0.5504999999999999
148.798,0.6167499999999999
148.862,0.6640000000000001
148.88,0.6575000000000001
148.918,0.85025
148.976,0.39075
148.999,0.4910000000000002
149.044,0.3385
149.081,0.2012499999999999
149.118,0.11275
149.154,0.2757499999999999
149.201,0.5155
149.25,0.59175
149.282,0.5745
149.325,0.5974999999999999
149.361,0.643
149.4,0.3314999999999999
149.447,0.1935
149.477,0.34125
149.518,0.5215000000000001
149.583,0.7442500000000002
149.598,0.58075
149.639,0.2664999999999999
149.676,0.3025
149.723,0.5352499999999999
149.763,0.66125
149.797,0.4272499999999999
149.836,0.2425
149.873,0.2564999999999999
149.915,0.26825
149.957,0.32325
149.994,0.4425
150.042,0.5197499999999999
150.078,0.5315
150.116,0.7829999999999999
150.176,0.7970000000000002
150.224,0.5952500000000001
150.24,0.41775
150.291,0.4700000000000001
150.316,0.4584999999999999
150.357,0.3725
150.394,0.30425
150.439,0.2797499999999998
150.482,0.3442499999999998
150.514,0.4169999999999999
